"School.Name","total","amind","m_amind","comp_amind","asian","m_asian","comp_asian","black","m_black","comp_black","hispanic","m_hispanic","comp_hispanic","white","m_white","comp_white","multiple","m_multiple","comp_multiple","p_frpm","m_frpm","comp_frpm","p_lep","m_lep","comp_lep","p_swd","m_swd","comp_swd"
"Baltimore Montessori Public Charter School",444,0,0,NA,0,0.00435931416611155,-0.288460316747944,0.599099099099099,0.814610412023765,-0.931901647429925,0.0292792792792793,0.08599394082756,-0.341044463677381,0.310810810810811,0.0629930250605663,2.05038570541725,0.0495495495495495,0.00517361995579822,2.98333632854396,0.349,0.576102409638554,-1.34784517244572,0,0.061710843373494,-0.492259355404023,0.139,0.192331325301205,-0.328659818894633
"City Neighbors Charter School",232,0,0,NA,0,0.00435931416611155,-0.288460316747944,0.599137931034483,0.814610412023765,-0.931733732604175,0,0.08599394082756,-0.517110684052538,0.370689655172414,0.0629930250605663,2.54580909145165,0,0.00517361995579822,-0.347815775478114,0.223,0.576102409638554,-2.0956509398898,0,0.061710843373494,-0.492259355404023,0.214,0.192331325301205,0.133535453356376
"City Neighbors Hamilton",235,0,0,NA,0,0.00435931416611155,-0.288460316747944,0.48936170212766,0.814610412023765,-1.40642179968803,0.051063829787234,0.08599394082756,-0.210046585146208,0.382978723404255,0.0629930250605663,2.64748593340706,0.0595744680851064,0.00517361995579822,3.65729863044088,0.235,0.576102409638554,-2.02443134299037,0,0.061710843373494,-0.492259355404023,0.248,0.192331325301205,0.343063976776833
"City Neighbors High",417,0,0,NA,0,0.00435931416611155,-0.288460316747944,0.896882494004796,0.814610412023765,0.355756213885685,0.0335731414868106,0.08599394082756,-0.31522401630637,0.052757793764988,0.0629930250605663,-0.0846838812499247,0,0.00517361995579822,-0.347815775478114,0.408,0.576102409638554,-0.99768215435682,0,0.061710843373494,-0.492259355404023,0.365,0.192331325301205,1.06408860148841
