"school","ELA","Mathematics"
"All Buildings",0.109443695410047,0.0617240571562427
"Detroit Prep",0.468354430379747,0.373417721518987
