"agency_code","subgroup","pct_enrolled","m_pct","comp_pct"
"32K000","ELS",0.05,0.392791666666667,-1.59996333715917
"32K000","SWD",0.185,0.254147058823529,-0.363033072803721
"60M000","ELS",0.05,0.411082802547771,-1.97406627291238
"60M000","SWD",0.136,0.201931818181818,-0.438020731564054
