"school","total","amind","asian","black","hisp","white","mult","frpl","ls_dist","ls_cty","district","dist_total","dist_amind","dist_asian","dist_black","dist_hisp","dist_white","dist_mult","dist_frpl","county","cty_total","cty_amind","cty_asian","cty_black","cty_hisp","cty_white","cty_mult","cty_frpl"
"TULSA SCHL ARTS SCIENCES HS",292,0.0753424657534247,0.00342465753424658,0.126712328767123,0.147260273972603,0.5,0.147260273972603,0.340344,0.275801894315807,0.084107358029915,"TULSA",34397,0.0464866122045527,0.032328400732622,0.224816117684682,0.36799720905893,0.221123935226909,0.107247725092305,0.444642,"TULSA",120642,0.0652011737205948,0.0541353757397921,0.118980123008571,0.249730607914325,0.385462774158253,0.126489945458464,0.266302780391572
"TULSA SCHL ARTS SCIENCES MS",234,0.0769230769230769,0,0.115384615384615,0.222222222222222,0.465811965811966,0.11965811965812,NA,0.209849939289771,0.0647942508409335,"TULSA",34397,0.0464866122045527,0.032328400732622,0.224816117684682,0.36799720905893,0.221123935226909,0.107247725092305,0.444642,"TULSA",120642,0.0652011737205948,0.0541353757397921,0.118980123008571,0.249730607914325,0.385462774158253,0.126489945458464,0.266302780391572
