"schoolname","elan","p_ela","m_ela","comp_ela","mathn","p_math","m_math","comp_math"
"Lead Academy",262,0.48087786259542,0.545723241197228,-0.421176488996713,262,0.393309160305344,0.568690559382585,-1.06558821051161
